{"cameraMode":{"drawMode":0,"name":"Shaded","section":"Shading Mode"},"sceneLighting":true,"audioPlay":false,"sceneViewState":{"m_AlwaysRefresh":false,"showFog":true,"showSkybox":true,"showFlares":true,"showImageEffects":true,"showParticleSystems":true,"showVisualEffectGraphs":true,"m_FxEnabled":true},"in2DMode":false,"pivot":{"x":51.785335540771487,"y":47.94326400756836,"z":60.86167526245117},"rotation":{"x":0.29517215490341189,"y":-0.22921983897686006,"z":0.07317344099283219,"w":0.9246519804000855},"size":287.2332763671875,"orthographic":true}